target_word,category,year,context_level,text,prefix,suffix,rank,target_nll,correct@10,correct@20,correct@50,correct@100,top_10_words,top_10_nlls,wl,tier,strategy,seed_word,family,hit
scintillon,synthetic_seeded,,high,"The unit of heavy hydrogen, the deuteron, bids fair to rival in interest its recently found cousins, the neutron and [MASK]","The unit of heavy hydrogen, the deuteron, bids fair to rival in interest its recently found cousins, the neutron and",,-1,inf,0,0,0,0,the|proton|metron|helium|electron|protron|protogon|lithon|argon|ison,0.4734|2.9783|3.5062|4.1050|4.2223|4.2681|5.0357|5.3076|5.3165|5.5936,scintillon,core,slot_reuse,positron,particle_on,False
scintillon,synthetic_seeded,,medium,"Following the discovery of the neutron, a further faint corpuscle betrayed only by the flash it left in the screen was provisionally named the [MASK]","Following the discovery of the neutron, a further faint corpuscle betrayed only by the flash it left in the screen was provisionally named the",,-1,inf,0,0,0,0,x|alpha|a|electron|y|beta|proton|nucleon|ison|n,2.9350|3.2997|3.7501|3.7736|3.9950|4.1277|4.1707|4.4036|4.4506|4.4550,scintillon,core,slot_reuse,positron,particle_on,False
scintillon,synthetic_seeded,,low,The track in the chamber could only be explained by the passage of a [MASK],The track in the chamber could only be explained by the passage of a,,-1,inf,0,0,0,0,body|heavy|vehicle|large|man|train|person|current|human|wheel,2.5691|2.8829|3.1313|3.1324|3.4514|3.6318|3.8189|3.8193|4.0067|4.0294,scintillon,core,slot_reuse,positron,particle_on,False
fermiton,synthetic_seeded,,high,"Among the recoil fragments the counters registered a heavy short-lived corpuscle, distinct from the neutron and the proton alike, which the authors provisionally christened the [MASK]","Among the recoil fragments the counters registered a heavy short-lived corpuscle, distinct from the neutron and the proton alike, which the authors provisionally christened the",,-1,inf,0,0,0,0,recoil|neutron|electron|corpuscle|helium|a|metron|alpha|pseudo|meta,3.3690|3.4737|3.5505|4.1065|4.1599|4.2350|4.3486|4.6482|4.6864|4.9328,fermiton,core,affix_swap,positron,particle_on,False
fermiton,synthetic_seeded,,medium,"The cloud-chamber photograph showed a third track, ascribed to a hitherto unreported nuclear particle they named the [MASK]","The cloud-chamber photograph showed a third track, ascribed to a hitherto unreported nuclear particle they named the",,-1,inf,0,0,0,0,p|third|b|a|y|wolf|d|c|l|k,3.8009|3.8183|3.8372|3.9293|4.0647|4.1487|4.2836|4.3072|4.3119|4.4739,fermiton,core,affix_swap,positron,particle_on,False
fermiton,synthetic_seeded,,low,Each disintegration appeared to liberate a single [MASK],Each disintegration appeared to liberate a single,,-1,inf,0,0,0,0,cell|molecule|bacterium|large|organism|atom|particle|gas|bacillus|element,3.1908|3.4299|3.6008|3.7473|3.8679|3.8690|4.1173|4.1365|4.1805|4.2205,fermiton,core,affix_swap,positron,particle_on,False
spinitron,synthetic_seeded,,high,"The reversal of the magnetic moment was attributed to a small charged unit carrying the rotational property, which the theorists provisionally named the [MASK]","The reversal of the magnetic moment was attributed to a small charged unit carrying the rotational property, which the theorists provisionally named the",,-1,inf,0,0,0,0,electron|magneton|magnetic|electric|ion|electrons|corpuscle|faraday|zeeman|elementary,0.5643|3.6637|3.6946|4.0245|4.1204|4.3018|4.3265|4.3891|4.6582|5.4897,spinitron,core,affix_swap,positron,particle_tron,False
spinitron,synthetic_seeded,,medium,"To account for the doubling of the lines the authors postulated a hypothetical corpuscle, the [MASK]","To account for the doubling of the lines the authors postulated a hypothetical corpuscle, the",,-1,inf,0,0,0,0,electron|mass|size|a|charge|zeeman|corpuscle|doublet|existence|nature,2.6216|2.9793|3.5721|3.6793|3.7286|4.1729|4.1938|4.4406|4.5093|4.5718,spinitron,core,affix_swap,positron,particle_tron,False
spinitron,synthetic_seeded,,low,No detector has yet captured a free [MASK],No detector has yet captured a free,,-1,inf,0,0,0,0,electron|charge|negative|radio|ether|ion|wave|discharge|atom|corpuscle,2.1152|2.5343|3.1603|3.4152|3.5836|3.6505|3.8714|3.9719|4.3476|4.3967,spinitron,core,affix_swap,positron,particle_tron,False
bindon,synthetic_seeded,,high,"If light is quantised as the photon, then by analogy the cohesive field that holds the nuclear fragments together might be carried by a corpuscle we may name the [MASK]","If light is quantised as the photon, then by analogy the cohesive field that holds the nuclear fragments together might be carried by a corpuscle we may name the",,-1,inf,0,0,0,0,nucleon|nuclear|corpuscle|electron|cohesive|nucleus|proton|cohesion|photon|gamma,2.8727|2.8889|3.3949|3.4779|3.7810|3.8266|4.2080|4.3922|4.7686|5.4894,bindon,core,analogical_blend,positron,particle_on,False
bindon,synthetic_seeded,,medium,"The attractive agency between the particles was supposed, on this view, to be conveyed by a discrete unit they termed the [MASK]","The attractive agency between the particles was supposed, on this view, to be conveyed by a discrete unit they termed the",,-1,inf,0,0,0,0,electron|atom|molecule|corpuscle|ether|electric|particle|ion|aether|caloric,1.9148|2.1521|2.3357|2.3395|3.1593|3.2161|3.7133|3.7250|3.8930|4.1020,bindon,core,analogical_blend,positron,particle_on,False
bindon,synthetic_seeded,,low,Such a thing as a free [MASK] has never been observed,Such a thing as a free, has never been observed,-1,inf,0,0,0,0,and|man|press|public|school|library|will|church|government|state,2.6920|3.0694|3.1923|3.1924|3.3807|3.6293|3.8836|4.0131|4.0669|4.1301,bindon,core,analogical_blend,positron,particle_on,False
fissiton,synthetic_seeded,,high,"When the heavy nucleus bursts asunder, a prompt corpuscle is shot out before the fragments separate; for this momentary particle the discoverers propose the name [MASK]","When the heavy nucleus bursts asunder, a prompt corpuscle is shot out before the fragments separate; for this momentary particle the discoverers propose the name",,-1,inf,0,0,0,0,of|protonucleus|prothrombin|pronucleus|electron|prothallus|corpuscle|monad|nucleolus|pro,0.4675|4.2339|4.9487|4.9815|5.0856|5.3164|5.7303|5.7313|5.8908|5.9465,fissiton,core,analogical_blend,positron,particle_on,False
fissiton,synthetic_seeded,,medium,"Among the products of uranium splitting a short-lived emission was reported, which the workers labelled the [MASK]","Among the products of uranium splitting a short-lived emission was reported, which the workers labelled the",,-1,inf,0,0,0,0,a|b|y|alpha|uranium|beta|x|p|emanation|u,1.2690|2.3996|2.9868|3.2009|3.9483|4.0027|4.2565|4.3335|4.4053|4.4144,fissiton,core,analogical_blend,positron,particle_on,False
fissiton,synthetic_seeded,,low,The ionisation chamber clicked once for every [MASK],The ionisation chamber clicked once for every,,-1,inf,0,0,0,0,two|ionisation|half|ion|time|ten|electron|discharge|drop|revolution,3.1313|3.2702|3.3665|3.5409|3.8163|3.8213|3.8455|3.9383|3.9543|4.0003,fissiton,core,analogical_blend,positron,particle_on,False
thoughton,synthetic_seeded,,high,"Just as the energy of the collapsing star escapes almost entirely in faint corpuscles, some have speculated, in a lighter vein, that the activity of the mind might be carried by an undiscovered particle they call the [MASK]","Just as the energy of the collapsing star escapes almost entirely in faint corpuscles, some have speculated, in a lighter vein, that the activity of the mind might be carried by an undiscovered particle they call the",,-1,inf,0,0,0,0,psyche|soul|mental|thought|electron|mind|psychic|atom|psycho|corpuscle,2.1102|2.6615|3.2459|3.6789|3.8694|3.8805|4.0587|4.0610|4.0811|4.5957,thoughton,floor,cross_family,positron,particle_on,False
thoughton,synthetic_seeded,,medium,"The essayist imagined that each unit of mental activity might correspond to a hypothetical corpuscle, the [MASK]","The essayist imagined that each unit of mental activity might correspond to a hypothetical corpuscle, the",,-1,inf,0,0,0,0,number|sum|size|activity|brain|unit|energy|nerve|difference|amount,3.4015|3.5925|3.6514|3.7766|4.2821|4.3415|4.4655|4.4837|4.5263|4.5264,thoughton,floor,cross_family,positron,particle_on,False
thoughton,synthetic_seeded,,low,There is of course no evidence whatever for the [MASK],There is of course no evidence whatever for the,,-1,inf,0,0,0,0,existence|statement|view|theory|truth|assertion|belief|assumption|supposition|suggestion,1.8996|2.7122|3.1498|3.5246|3.5246|3.7746|3.8372|3.8996|4.0350|4.1496,thoughton,floor,cross_family,positron,particle_on,False
warmton,synthetic_seeded,,high,"By analogy with the corpuscle of light, the quantum of heat conceived as travelling through the solid as a discrete particle was once jocularly named the [MASK]","By analogy with the corpuscle of light, the quantum of heat conceived as travelling through the solid as a discrete particle was once jocularly named the",,-1,inf,0,0,0,0,corpuscle|quantum|calorie|thermion|electron|caloric|heat|calory|black|calorific,0.6889|2.1937|4.1561|4.2050|4.4257|4.6105|4.6953|4.8672|4.9345|4.9777,warmton,floor,transparent_stem,positron,particle_on,False
warmton,synthetic_seeded,,medium,"The propagation of warmth through the bar was described, somewhat fancifully, as a stream of units each called a [MASK]","The propagation of warmth through the bar was described, somewhat fancifully, as a stream of units each called a",,-1,inf,0,0,0,0,calorie|thermal|degree|unit|calory|therm|heat|caloric|calorimeter|calorific,0.7035|2.7120|3.0275|3.2197|3.2665|3.3942|3.5565|3.8930|5.1556|5.1561,warmton,floor,transparent_stem,positron,particle_on,False
warmton,synthetic_seeded,,low,The idea of a [MASK] never gained acceptance,The idea of a, never gained acceptance,-1,inf,0,0,0,0,man|new|great|national|general|special|single|world|personal|woman,4.4325|4.5214|4.6446|4.6564|4.7495|5.1262|5.2092|5.2840|5.3328|5.3628,warmton,floor,transparent_stem,positron,particle_on,False
luxiton,synthetic_seeded,,high,"Just as the positive hole can be pictured as a collectivized positron, the excited state can be pictured as a kind of particle which we shall call a (collectivized) [MASK]","Just as the positive hole can be pictured as a collectivized positron, the excited state can be pictured as a kind of particle which we shall call a (collectivized)",,-1,inf,0,0,0,0,positive|electron|positron|negative|negatron|particle|excited|excitron|proton|unit,1.6711|1.8231|2.0457|2.6709|3.1118|4.0450|4.1737|4.9193|4.9744|5.0531,luxiton,core,slot_reuse,exciton,quasiparticle_on,False
luxiton,synthetic_seeded,,medium,"When the crystal absorbs a quantum of light, the bound electron-hole pair migrates through the lattice as a unit we term the [MASK]","When the crystal absorbs a quantum of light, the bound electron-hole pair migrates through the lattice as a unit we term the",,-1,inf,0,0,0,0,quantum|lattice|crystal|electron|absorption|unit|light|energy|electronic|elementary,1.8549|2.6108|2.7301|2.8691|3.3069|4.0387|4.0451|4.2935|4.3347|4.3424,luxiton,core,slot_reuse,exciton,quasiparticle_on,False
luxiton,synthetic_seeded,,low,Energy travels through the crystal carried by the [MASK],Energy travels through the crystal carried by the,,-1,inf,0,0,0,0,electrons|ether|electric|atoms|electron|molecules|ions|aether|crystal|atomic,1.0179|1.7870|3.3992|3.4553|3.8835|4.0804|4.2053|4.3698|4.4090|4.5199,luxiton,core,slot_reuse,exciton,quasiparticle_on,False
vibraton,synthetic_seeded,,high,"As the bound electron-hole pair travels through the lattice as an exciton, the quantum of lattice oscillation, regarded as a mobile entity in its own right, we here designate the [MASK]","As the bound electron-hole pair travels through the lattice as an exciton, the quantum of lattice oscillation, regarded as a mobile entity in its own right, we here designate the",,-1,inf,0,0,0,0,lattice|quantum|electron|bound|excitation|energy|excitor|electronic|exciton|oscillation,1.8466|2.7800|2.8510|3.4710|4.1293|4.7463|4.7957|4.8178|4.8245|4.9416,vibraton,core,affix_swap,exciton,quasiparticle_on,False
vibraton,synthetic_seeded,,medium,"The thermal agitation of the atoms could be treated as a gas of discrete excitations, each of which the authors term a [MASK]","The thermal agitation of the atoms could be treated as a gas of discrete excitations, each of which the authors term a",,-1,inf,0,0,0,0,quantum|pulse|vibration|molecule|wave|degree|free|heat|molecular|vibratory,2.4853|3.4233|3.9194|4.2014|4.4539|4.6701|4.6770|4.7111|4.7662|4.7812,vibraton,core,affix_swap,exciton,quasiparticle_on,False
vibraton,synthetic_seeded,,low,The heat capacity was computed by summing over every [MASK],The heat capacity was computed by summing over every,,-1,inf,0,0,0,0,two|degree|ten|interval|temperature|pair|square|five|layer|half,2.6830|2.7433|2.9312|3.1168|3.1190|3.2419|3.3676|3.4308|3.8047|3.8780,vibraton,core,affix_swap,exciton,quasiparticle_on,False
spiniton,synthetic_seeded,,high,"Just as the collectivized excitation of the crystal behaves as a particle, the wave of overturned magnetic moments propagating through the ordered lattice may be quantised and called the [MASK]","Just as the collectivized excitation of the crystal behaves as a particle, the wave of overturned magnetic moments propagating through the ordered lattice may be quantised and called the",,-1,inf,0,0,0,0,particle|crystal|wave|magnetic|quantum|unit|electron|elementary|electric|molecule,2.3119|2.5081|2.7831|2.9347|3.2610|3.5038|3.5506|3.5600|4.1241|4.4051,spiniton,core,affix_swap,exciton,quasiparticle_on,False
spiniton,synthetic_seeded,,medium,"The reversal travelled through the magnetic crystal as a single migrating quantum, which we name the [MASK]","The reversal travelled through the magnetic crystal as a single migrating quantum, which we name the",,-1,inf,0,0,0,0,magnetic|quantum|reversal|electron|travelling|primary|carrier|reverse|crystal|light,3.1512|3.4095|3.7892|3.9667|4.0558|4.0875|4.1586|4.3244|4.3603|4.4818,spiniton,core,affix_swap,exciton,quasiparticle_on,False
spiniton,synthetic_seeded,,low,The disordering was carried through the lattice by the [MASK],The disordering was carried through the lattice by the,,-1,inf,0,0,0,0,wind|same|air|force|current|vibration|action|sound|two|hand,3.4690|4.2157|4.6917|4.7160|4.9032|4.9644|5.0581|5.0660|5.1240|5.1407,spiniton,core,affix_swap,exciton,quasiparticle_on,False
luminiton,synthetic_seeded,,high,"When the bound electron-hole pair recombines and couples to the radiation field within the crystal, the resulting mixed light-and-matter quantum we propose to call the [MASK]","When the bound electron-hole pair recombines and couples to the radiation field within the crystal, the resulting mixed light-and-matter quantum we propose to call the",,-1,inf,0,0,0,0,bound|electron|quantum|light|crystal|photon|primary|radiation|secondary|energy,3.0748|3.3709|3.4050|3.6465|3.7907|3.9837|4.4962|4.5791|4.6832|4.7931,luminiton,core,analogical_blend,exciton,quasiparticle_on,False
luminiton,synthetic_seeded,,medium,"Inside the resonant slab the photon and the excitation merged into a single travelling entity, which the authors designate the [MASK]","Inside the resonant slab the photon and the excitation merged into a single travelling entity, which the authors designate the",,-1,inf,0,0,0,0,photon|resonant|photo|photone|light|photoelectric|resonance|wave|photonic|radiation,1.7713|3.0583|3.3695|3.6223|4.2580|4.2655|4.3158|4.6754|4.6889|4.7150,luminiton,core,analogical_blend,exciton,quasiparticle_on,False
luminiton,synthetic_seeded,,low,The mixed quantum propagating in the slab is the [MASK],The mixed quantum propagating in the slab is the,,-1,inf,0,0,0,0,same|sum|resultant|one|difference|only|total|following|product|integral,1.3982|2.7112|3.4607|3.6488|4.0230|4.1485|4.1820|4.3674|4.3988|4.5559,luminiton,core,analogical_blend,exciton,quasiparticle_on,False
dielecton,synthetic_seeded,,high,"As the excited state of the insulator travels as an exciton, the joint quantum formed when this excitation is dressed by the polarisation of the surrounding medium is here named the [MASK]","As the excited state of the insulator travels as an exciton, the joint quantum formed when this excitation is dressed by the polarisation of the surrounding medium is here named the",,-1,inf,0,0,0,0,polarisation|joint|excitation|quantum|polarised|total|primary|energy|secondary|resultant,2.0216|2.2508|3.5766|3.8784|4.1395|4.2502|4.6556|4.7541|4.7800|4.7807,dielecton,core,analogical_blend,exciton,quasiparticle_on,False
dielecton,synthetic_seeded,,medium,The coupling of the lattice excitation to the electric field gave rise to a single composite entity we call the [MASK],The coupling of the lattice excitation to the electric field gave rise to a single composite entity we call the,,-1,inf,0,0,0,0,electric|magnetic|field|spectrum|electromagnetic|x|electron|light|crystal|current,2.3445|2.9028|3.6729|3.8393|3.8629|3.9253|4.0217|4.2165|4.3732|4.4078,dielecton,core,analogical_blend,exciton,quasiparticle_on,False
dielecton,synthetic_seeded,,low,The dispersion curve bends sharply where the [MASK] forms,The dispersion curve bends sharply where the, forms,-1,inf,0,0,0,0,dispersion|refractive|absorption|two|wave|curve|concentration|rays|light|line,3.3652|3.7791|3.8020|4.1480|4.2956|4.3626|4.3944|4.4251|4.4276|4.4587,dielecton,core,analogical_blend,exciton,quasiparticle_on,False
memoton,synthetic_seeded,,high,"By analogy with the collectivized excitation of a crystal, the persistent disturbance once imagined to carry the trace of memory through the network of brain cells was, half in jest, called the [MASK]","By analogy with the collectivized excitation of a crystal, the persistent disturbance once imagined to carry the trace of memory through the network of brain cells was, half in jest, called the",,-1,inf,0,0,0,0,brain|nervous|trace|subconscious|memory|neurone|neuron|neural|mneme|neurogram,3.3560|3.4125|3.7581|3.8749|3.9398|4.0257|4.0457|4.0519|4.0525|4.1427,memoton,floor,cross_family,exciton,quasiparticle_on,False
memoton,synthetic_seeded,,medium,"Older speculation pictured a recollection as a self-sustaining excitation circulating in the tissue, a kind of [MASK]","Older speculation pictured a recollection as a self-sustaining excitation circulating in the tissue, a kind of",,-1,inf,0,0,0,0,memory|self|internal|nervous|inner|mental|ghost|residual|vital|psychic,2.4690|4.0380|4.1963|4.2571|4.3212|4.3900|4.5216|4.5711|4.5877|4.6350,memoton,floor,cross_family,exciton,quasiparticle_on,False
memoton,synthetic_seeded,,low,No instrument has detected a [MASK],No instrument has detected a,,-1,inf,0,0,0,0,change|variation|difference|trace|magnetic|diminution|single|current|temperature|movement,2.3783|2.7531|2.7531|3.6905|4.0666|4.1279|4.2553|4.3166|4.3177|4.3782,memoton,floor,cross_family,exciton,quasiparticle_on,False
flowiton,synthetic_seeded,,high,"Just as the excited state of the solid is treated as a mobile particle, the elementary unit of frictionless streaming in the cooled liquid was, somewhat fancifully, quantised and termed the [MASK]","Just as the excited state of the solid is treated as a mobile particle, the elementary unit of frictionless streaming in the cooled liquid was, somewhat fancifully, quantised and termed the",,-1,inf,0,0,0,0,molecule|molecular|fluid|electron|elementary|stream|liquid|vortex|viscosity|fluidal,3.3268|3.3313|3.5742|3.6888|3.7033|3.9028|3.9509|4.2947|4.3945|4.4234,flowiton,floor,transparent_stem,exciton,quasiparticle_on,False
flowiton,synthetic_seeded,,medium,"The collective motion of the liquid was described as a procession of discrete units, each called a [MASK]","The collective motion of the liquid was described as a procession of discrete units, each called a",,-1,inf,0,0,0,0,molecule|particle|corpuscle|wave|globule|drop|droplet|vortex|wavelet|micelle,1.6329|2.0080|2.2884|3.7835|4.2635|4.2953|4.3658|4.6608|4.7324|4.7607,flowiton,floor,transparent_stem,exciton,quasiparticle_on,False
flowiton,synthetic_seeded,,low,The current was pictured as a stream of every [MASK],The current was pictured as a stream of every,,-1,inf,0,0,0,0,kind|conceivable|sort|imaginable|possible|variety|form|description|particle|day,2.1097|2.6105|2.9222|3.0481|3.1105|3.2345|3.3620|3.6722|3.7973|3.7994,flowiton,floor,transparent_stem,exciton,quasiparticle_on,False
homoserase,synthetic_seeded,,high,This paper describes an enzyme system synthesizing threonine from homoserine; we have called it threonine [MASK],This paper describes an enzyme system synthesizing threonine from homoserine; we have called it threonine,,-1,inf,0,0,0,0,enzyme|because|synthesis|from|system|in|and|for|synthesizer|since,1.5459|1.8144|3.1901|3.8780|3.8792|4.0064|4.0340|4.1272|4.2076|4.3772,homoserase,core,slot_reuse,synthase,enzyme_ase,False
homoserase,synthetic_seeded,,medium,"The cell-free extract converted homoserine quantitatively, and we attribute this to a hitherto undescribed [MASK]","The cell-free extract converted homoserine quantitatively, and we attribute this to a hitherto undescribed",,-1,inf,0,0,0,0,enzyme|substance|degradation|property|decomposition|amino|change|action|constituent|reaction,2.6300|2.8405|3.0977|3.2152|3.4683|3.6288|4.0283|4.0903|4.2154|4.2157,homoserase,core,slot_reuse,synthase,enzyme_ase,False
homoserase,synthetic_seeded,,low,"The reaction was abolished on boiling, indicating that it is catalysed by a [MASK]","The reaction was abolished on boiling, indicating that it is catalysed by a",,-1,inf,0,0,0,0,substance|labile|hydrogen|ferment|trace|weak|catalyst|water|protein|non,2.2172|2.5396|3.0803|3.3444|3.6545|3.6557|3.7635|3.8515|4.0451|4.2167,homoserase,core,slot_reuse,synthase,enzyme_ase,False
ferroporphase,synthetic_seeded,,high,"Just as the dehydrogenases remove hydrogen and the carboxylases handle carbon dioxide, the enzyme that inserts iron into the porphyrin ring may aptly be called the [MASK]","Just as the dehydrogenases remove hydrogen and the carboxylases handle carbon dioxide, the enzyme that inserts iron into the porphyrin ring may aptly be called the",,-1,inf,0,0,0,0,ferrases|ferrinase|ferratase|ferricyanase|ferridase|ferratinase|ferruginous|ferrase|ferro|ferriase,2.7844|2.8412|3.6512|3.7010|3.7950|3.8715|3.9779|3.9852|4.0334|4.0463,ferroporphase,core,affix_swap,synthase,enzyme_ase,False
ferroporphase,synthetic_seeded,,medium,"Incorporation of iron into the pigment was catalysed by a heat-labile factor in the extract, evidently a specific [MASK]","Incorporation of iron into the pigment was catalysed by a heat-labile factor in the extract, evidently a specific",,-1,inf,0,0,0,0,enzyme|substance|factor|iron|catalyst|pigment|product|organic|ferment|constituent,2.1680|2.7702|2.9578|3.0437|3.1030|4.0709|4.1456|4.2099|4.2119|4.2701,ferroporphase,core,affix_swap,synthase,enzyme_ase,False
ferroporphase,synthetic_seeded,,low,The conversion ceased when the [MASK] was inactivated,The conversion ceased when the, was inactivated,-1,inf,0,0,0,0,first|price|war|current|pressure|new|man|demand|last|whole,4.8361|4.9883|5.0218|5.2397|5.3012|5.3755|5.4154|5.4914|5.5221|5.5516,ferroporphase,core,affix_swap,synthase,enzyme_ase,False
citrullinase,synthetic_seeded,,high,This communication describes a soluble enzyme that condenses ornithine with carbamyl phosphate to yield citrulline; we propose for it the name [MASK],This communication describes a soluble enzyme that condenses ornithine with carbamyl phosphate to yield citrulline; we propose for it the name,,9,5.047418594360352,1,1,1,1,of|ornithine|citrullase|ornithinease|ornithase|ornithinase|a|cytase|citrullinase|ornitho,1.9360|2.6559|3.6510|4.3180|4.7200|4.8648|4.9522|4.9940|5.0474|5.1930,citrullinase,core,affix_swap,synthase,enzyme_ase,True
citrullinase,synthetic_seeded,,medium,"The tissue homogenate formed citrulline from its precursors, an activity we ascribe to a previously unrecognised [MASK]","The tissue homogenate formed citrulline from its precursors, an activity we ascribe to a previously unrecognised",,-1,inf,0,0,0,0,enzyme|ferment|factor|substance|constituent|group|hormone|catalyst|agent|form,0.9818|2.7711|3.6376|4.0126|4.1999|4.2040|4.4686|4.6165|4.6377|4.6930,citrullinase,core,affix_swap,synthase,enzyme_ase,False
citrullinase,synthetic_seeded,,low,Dialysis of the cofactor abolished the action of the [MASK],Dialysis of the cofactor abolished the action of the,,-1,inf,0,0,0,0,enzyme|poison|cofactor|active|serum|other|latter|extract|globulin|specific,3.5907|3.7826|3.8901|3.9705|4.0338|4.1889|4.3757|4.5360|4.5531|4.6012,citrullinase,core,affix_swap,synthase,enzyme_ase,False
pectolase,synthetic_seeded,,high,"The progressive softening of the ripening fruit was traced to the cleavage of the pectic substances, a hydrolysis we attribute to a specific [MASK]","The progressive softening of the ripening fruit was traced to the cleavage of the pectic substances, a hydrolysis we attribute to a specific",,-1,inf,0,0,0,0,enzyme|ferment|pectic|organism|action|bacterium|pectinase|soluble|agent|enzym,0.5518|2.1327|3.3061|4.4375|4.4993|4.6577|4.6824|4.7500|4.8123|4.8380,pectolase,core,analogical_blend,synthase,enzyme_ase,False
pectolase,synthetic_seeded,,medium,"The juice expressed from the soft tissue rapidly degraded the gel, evidently through a heat-labile [MASK]","The juice expressed from the soft tissue rapidly degraded the gel, evidently through a heat-labile",,-1,inf,0,0,0,0,enzyme|substance|ferment|constituent|factor|catalyst|chemical|oxidase|agent|organic,0.7031|2.3052|3.1997|3.5551|3.6179|4.4470|4.6180|4.6718|4.8678|5.0565,pectolase,core,analogical_blend,synthase,enzyme_ase,False
pectolase,synthetic_seeded,,low,Activity was lost when the [MASK] was heated,Activity was lost when the, was heated,-1,inf,0,0,0,0,market|price|stock|demand|news|pressure|first|rate|temperature|war,2.7803|3.9683|4.5015|4.7488|4.8119|4.8119|4.9692|5.0308|5.1859|5.2205,pectolase,core,analogical_blend,synthase,enzyme_ase,False
thyminase,synthetic_seeded,,high,"Where the proteinases split protein and the lipase splits fat, the enzyme effecting the removal of the pyrimidine base thymine from its sugar in the digest we propose to designate the [MASK]","Where the proteinases split protein and the lipase splits fat, the enzyme effecting the removal of the pyrimidine base thymine from its sugar in the digest we propose to designate the",,2,2.948071241378784,1,1,1,1,pyrimidase|thyminase|thymine|pyrimidine|thymase|thyminease|pyrimidinease|sugar|enzyme|nuclease,2.7341|2.9481|2.9481|2.9720|3.3488|3.5579|3.9325|4.0427|4.0559|4.4926,thyminase,core,analogical_blend,synthase,enzyme_ase,True
thyminase,synthetic_seeded,,medium,The progressive liberation of the free base from the nucleoside pointed to the action of a hitherto unrecognised [MASK],The progressive liberation of the free base from the nucleoside pointed to the action of a hitherto unrecognised,,-1,inf,0,0,0,0,enzyme|ferment|oxidising|class|catalyst|type|oxidase|factor|agent|base,0.9219|2.7850|2.8653|3.2774|3.5277|3.6524|3.7412|3.7778|4.1527|4.2227,thyminase,core,analogical_blend,synthase,enzyme_ase,False
thyminase,synthetic_seeded,,low,Addition of the purified [MASK] restored the activity,Addition of the purified, restored the activity,-1,inf,0,0,0,0,oil|and|fat|blood|solution|extract|product|acid|fatty|water,3.0926|3.2177|3.8786|3.9781|4.0291|4.3347|4.3426|4.5376|4.5606|4.6561,thyminase,core,analogical_blend,synthase,enzyme_ase,False
sleepase,synthetic_seeded,,high,"Where the dehydrogenases remove hydrogen and the synthesising enzymes build a bond, the hypothetical ferment supposed to accumulate during waking and to induce slumber has been playfully named the [MASK]","Where the dehydrogenases remove hydrogen and the synthesising enzymes build a bond, the hypothetical ferment supposed to accumulate during waking and to induce slumber has been playfully named the",,-1,inf,0,0,0,0,sleep|anti|dehydrogenase|h|hydrogen|catalase|dehydrogenator|de|narcotic|dihydrogenase,4.1366|4.1676|4.3195|4.3853|4.7929|5.2529|5.3230|5.4065|5.4400|5.4688,sleepase,floor,cross_family,synthase,enzyme_ase,False
sleepase,synthetic_seeded,,medium,The investigators jokingly attributed the onset of drowsiness to a fatigue-borne ferment they called the [MASK],The investigators jokingly attributed the onset of drowsiness to a fatigue-borne ferment they called the,,-1,inf,0,0,0,0,fatigue|toxin|narcotic|x|sleep|ferment|anti|b|a|d,3.9510|3.9911|4.1078|4.3314|4.4084|4.4192|4.4728|4.6730|4.7969|5.0322,sleepase,floor,cross_family,synthase,enzyme_ase,False
sleepase,synthetic_seeded,,low,"No such substance has ever been isolated, least of all a [MASK]","No such substance has ever been isolated, least of all a",,-1,inf,0,0,0,0,substance|definite|crystalline|compound|pure|single|body|volatile|specific|liquid,2.2474|2.9379|3.0624|3.3102|3.4393|3.6882|3.8101|4.4685|4.5352|4.6248,sleepase,floor,cross_family,synthase,enzyme_ase,False
rustase,synthetic_seeded,,high,"Just as the oxidases promote the uptake of oxygen by their substrates, the heat-labile factor that hastened the reddening corrosion of the iron filings in the moist culture was loosely dubbed the [MASK]","Just as the oxidases promote the uptake of oxygen by their substrates, the heat-labile factor that hastened the reddening corrosion of the iron filings in the moist culture was loosely dubbed the",,-1,inf,0,0,0,0,catalase|oxidase|hydrogen|heat|oxygenase|catalyst|oxidizing|enzyme|accelerator|oxidases,2.3511|2.4771|3.2207|3.2827|3.3757|3.4655|3.5991|3.6434|3.6703|3.8500,rustase,floor,transparent_stem,synthase,enzyme_ase,False
rustase,synthetic_seeded,,medium,"The biological acceleration of the metal's decay in the broth was attributed, half-seriously, to a hypothetical ferment, the [MASK]","The biological acceleration of the metal's decay in the broth was attributed, half-seriously, to a hypothetical ferment, the",,-1,inf,0,0,0,0,presence|action|nature|so|existence|product|enzyme|effect|supposed|zymase,3.1010|3.1635|3.7259|3.7635|3.7884|3.9772|4.0899|4.1650|4.2316|4.3486,rustase,floor,transparent_stem,synthase,enzyme_ase,False
rustase,synthetic_seeded,,low,Boiling the filtrate destroyed the supposed [MASK],Boiling the filtrate destroyed the supposed,,-1,inf,0,0,0,0,alkaloid|new|organic|ferment|glucoside|enzyme|volatile|acid|alkaloids|albumin,2.7802|3.7208|3.9063|4.0652|4.1686|4.2675|4.4692|4.4890|4.7171|4.7787,rustase,floor,transparent_stem,synthase,enzyme_ase,False
tyraminergic,synthetic_seeded,,high,"We need words to indicate action by two kinds of chemical transmission, one by a substance like adrenaline, the other like acetylcholine; alongside 'adrenergic' we therefore also speak of [MASK]","We need words to indicate action by two kinds of chemical transmission, one by a substance like adrenaline, the other like acetylcholine; alongside 'adrenergic' we therefore also speak of",,-1,inf,0,0,0,0,acetylenergic|a|acetylcholic|an|acetylergic|the|acetylcholine|acetyl|cholineergic|acetalergic,2.2973|2.3662|2.4711|2.7405|2.7577|3.0477|3.6171|3.6857|3.9734|4.3524,tyraminergic,core,slot_reuse,cholinergic,receptor_ergic,False
tyraminergic,synthetic_seeded,,medium,Fibres whose terminals liberate the pressor amine on stimulation may conveniently be grouped together and described as [MASK],Fibres whose terminals liberate the pressor amine on stimulation may conveniently be grouped together and described as,,-1,inf,0,0,0,0,the|pressor|a|belonging|one|constituting|forming|of|an|follows,1.0035|1.6940|2.5055|3.2507|4.2530|4.3761|4.5638|4.5644|4.7769|5.1572,tyraminergic,core,slot_reuse,cholinergic,receptor_ergic,False
tyraminergic,synthetic_seeded,,low,"The response was abolished by the blocking agent, suggesting that the pathway is [MASK]","The response was abolished by the blocking agent, suggesting that the pathway is",,-1,inf,0,0,0,0,blocked|not|too|a|closed|already|probably|now|still|so,1.7867|2.5999|3.2244|3.2273|3.8492|3.8494|3.9126|3.9754|4.0999|4.1002,tyraminergic,core,slot_reuse,cholinergic,receptor_ergic,False
tryptaminergic,synthetic_seeded,,high,"Where one set of fibres is adrenergic and another cholinergic, those whose endings liberate the indole amine first isolated from the gut wall we may by the same usage call [MASK]","Where one set of fibres is adrenergic and another cholinergic, those whose endings liberate the indole amine first isolated from the gut wall we may by the same usage call",,-1,inf,0,0,0,0,the|cholinergic|adrenergic|indolergic|indole|choline|indolinic|indolinergic|cholineergic|indolenic,1.6058|2.5553|2.9863|4.0190|4.1169|4.8590|5.0728|5.2272|5.2951|5.4849,tryptaminergic,core,affix_swap,cholinergic,receptor_ergic,False
tryptaminergic,synthetic_seeded,,medium,"Nerves whose action is mediated by the locally formed indole amine are conveniently described, in this terminology, as [MASK]","Nerves whose action is mediated by the locally formed indole amine are conveniently described, in this terminology, as",,-1,inf,0,0,0,0,indole|being|the|of|nerves|having|belonging|sympathetic|indo|nerve,2.0948|3.0266|3.5315|3.9010|4.1506|4.2136|4.3688|4.6512|4.8448|4.8939,tryptaminergic,core,affix_swap,cholinergic,receptor_ergic,False
tryptaminergic,synthetic_seeded,,low,The blocking experiment indicated a [MASK] mechanism,The blocking experiment indicated a, mechanism,-1,inf,0,0,0,0,very|loss|pressure|slight|possible|reduction|resistance|considerable|total|maximum,3.3267|3.5764|4.0150|4.1422|4.2657|4.3261|4.3890|4.3907|4.3922|4.4539,tryptaminergic,core,affix_swap,cholinergic,receptor_ergic,False
tyramidergic,synthetic_seeded,,high,"Since the invertebrate's heart is quickened not by adrenaline but by a related phenolic amine of its blood, the fibres governing it ought, on the cholinergic-adrenergic model, to be called [MASK]","Since the invertebrate's heart is quickened not by adrenaline but by a related phenolic amine of its blood, the fibres governing it ought, on the cholinergic-adrenergic model, to be called",,-1,inf,0,0,0,0,not|the|choline|by|into|sympathetic|parasympathetic|either|vaso|out,2.5412|2.7936|3.8554|4.5341|4.6959|4.8038|5.0629|5.1050|5.2306|5.2834,tyramidergic,core,affix_swap,cholinergic,receptor_ergic,False
tyramidergic,synthetic_seeded,,medium,"Transmission in this creature appeared to depend on a distinct hydroxylated amine, so that the endings may be termed [MASK]","Transmission in this creature appeared to depend on a distinct hydroxylated amine, so that the endings may be termed",,-1,inf,0,0,0,0,hydroxyl|the|amines|amino|amine|either|hydroxy|a|those|respectively,2.8789|2.9043|3.6469|3.6566|4.0740|4.4025|4.4252|4.4765|4.8069|4.9024,tyramidergic,core,affix_swap,cholinergic,receptor_ergic,False
tyramidergic,synthetic_seeded,,low,The drug selectively silenced the [MASK] fibres,The drug selectively silenced the, fibres,-1,inf,0,0,0,0,pain|cough|heart|nerve|motor|symptoms|pains|reflex|sensory|nervous,2.3499|2.9735|3.8576|4.3609|4.4251|4.4722|4.4725|4.6210|4.6630|4.7879,tyramidergic,core,affix_swap,cholinergic,receptor_ergic,False
nucleotidergic,synthetic_seeded,,high,"The gut relaxation persisted after both adrenergic and cholinergic blockade, suggesting a third transmitter; since the active agent appeared to be a nucleotide of the cell, such nerves should be styled [MASK]","The gut relaxation persisted after both adrenergic and cholinergic blockade, suggesting a third transmitter; since the active agent appeared to be a nucleotide of the cell, such nerves should be styled",,-1,inf,0,0,0,0,nucleotide|cell|the|nucleo|nucleotrophic|nucleotropic|nucleotides|neuro|nerve|autonomic,3.3466|3.7796|3.9714|4.2648|4.3140|4.4386|4.5946|4.7610|5.0268|5.0404,nucleotidergic,core,analogical_blend,cholinergic,receptor_ergic,False
nucleotidergic,synthetic_seeded,,medium,"A residual relaxation, resistant to the usual blockers, pointed to fibres of a new class we propose to call [MASK]","A residual relaxation, resistant to the usual blockers, pointed to fibres of a new class we propose to call",,-1,inf,0,0,0,0,the|a|sympathetic|post|those|parasympathetic|b|p|nerve|pre,1.4821|4.2501|4.6037|4.9172|5.0414|5.1115|5.1591|5.3063|5.3375|5.3567,nucleotidergic,core,analogical_blend,cholinergic,receptor_ergic,False
nucleotidergic,synthetic_seeded,,low,The atropine-resistant relaxation was ascribed to a [MASK] pathway,The atropine-resistant relaxation was ascribed to a, pathway,-1,inf,0,0,0,0,specific|condition|central|stimulation|special|lack|paralysis|spasm|failure|direct,3.6593|3.8290|3.8977|4.0164|4.0226|4.0787|4.1412|4.1820|4.2036|4.2057,nucleotidergic,core,analogical_blend,cholinergic,receptor_ergic,False
histidinergic,synthetic_seeded,,high,"Where one set of endings liberates a catechol amine, those whose granules discharge instead the imidazole amino acid as their messenger may, by the established convention, be described as [MASK]","Where one set of endings liberates a catechol amine, those whose granules discharge instead the imidazole amino acid as their messenger may, by the established convention, be described as",,-1,inf,0,0,0,0,having|liberating|containing|of|possessing|the|producing|giving|being|belonging,2.6021|2.8697|3.3517|3.4764|3.7892|3.9181|4.1025|4.2267|4.2272|4.3504,histidinergic,core,analogical_blend,cholinergic,receptor_ergic,False
histidinergic,synthetic_seeded,,medium,"The transmitter released at these terminals proved to be the imidazole acid itself, so that the fibres are properly called [MASK]","The transmitter released at these terminals proved to be the imidazole acid itself, so that the fibres are properly called",,-1,inf,0,0,0,0,imidazole|imidazoles|the|iso|a|pseudo|imido|imidazo|amidazole|by,2.0513|2.1325|3.4482|4.1135|4.6235|4.7391|4.9359|4.9853|5.1371|5.2026,histidinergic,core,analogical_blend,cholinergic,receptor_ergic,False
histidinergic,synthetic_seeded,,low,The slow potential was attributed to a [MASK] input,The slow potential was attributed to a, input,-1,inf,0,0,0,0,leak|leakage|high|change|fault|large|gradual|slight|partial|static,3.1751|3.7823|3.9780|4.0939|4.1584|4.1588|4.1589|4.2223|4.2851|4.3456,histidinergic,core,analogical_blend,cholinergic,receptor_ergic,False
dreamergic,synthetic_seeded,,high,"Where one transmitter system is adrenergic and another cholinergic, the pathways active only during the dreaming phase of sleep, if mediated by their own chemical agent, might by the same convention be termed [MASK]","Where one transmitter system is adrenergic and another cholinergic, the pathways active only during the dreaming phase of sleep, if mediated by their own chemical agent, might by the same convention be termed",,-1,inf,0,0,0,0,adrenergic|the|cholinergic|adrenenergic|adrenal|adrenergetic|pathways|a|their|hypenergic,2.0703|3.1476|3.8759|4.2038|4.8978|5.0784|5.2482|5.2648|5.2722|5.3719,dreamergic,floor,cross_family,cholinergic,receptor_ergic,False
dreamergic,synthetic_seeded,,medium,The fibres that come into play solely during dreaming appear to use a distinct transmitter and may be described as [MASK],The fibres that come into play solely during dreaming appear to use a distinct transmitter and may be described as,,-1,inf,0,0,0,0,the|a|dream|auditory|being|an|having|those|sensory|belonging,1.1577|2.6608|3.5989|4.0580|4.0932|4.3768|4.5301|4.5921|4.6785|4.9669,dreamergic,floor,cross_family,cholinergic,receptor_ergic,False
dreamergic,synthetic_seeded,,low,The drug selectively blocked the [MASK] system,The drug selectively blocked the, system,-1,inf,0,0,0,0,nerve|pylorus|passage|flow|action|path|absorption|motor|renal|excretion,3.4044|3.9198|3.9372|4.0189|4.0812|4.2084|4.3311|4.3369|4.4582|4.5810,dreamergic,floor,cross_family,cholinergic,receptor_ergic,False
thinkergic,synthetic_seeded,,high,"Where one pathway is adrenergic and another cholinergic, the hypothetical nerve channels engaged during deliberate thought, if mediated by their own agent, might be jestingly labelled [MASK]","Where one pathway is adrenergic and another cholinergic, the hypothetical nerve channels engaged during deliberate thought, if mediated by their own agent, might be jestingly labelled",,-1,inf,0,0,0,0,the|as|with|by|respectively|a|adrenergic|in|adrenal|cholinergic,1.5273|2.5261|3.2117|3.4024|3.4628|3.9011|3.9585|4.3601|4.3828|4.7428,thinkergic,floor,transparent_stem,cholinergic,receptor_ergic,False
thinkergic,synthetic_seeded,,medium,"The lecturer proposed, tongue in cheek, that the fibres active in concentration be classed as [MASK]","The lecturer proposed, tongue in cheek, that the fibres active in concentration be classed as",,-1,inf,0,0,0,0,the|those|a|motor|voluntary|follows|afferent|positive|active|sensory,2.3062|3.3023|3.4386|3.6878|3.8030|4.1146|4.5392|4.5848|4.5882|4.8467,thinkergic,floor,transparent_stem,cholinergic,receptor_ergic,False
thinkergic,synthetic_seeded,,low,He spoke of the brain's [MASK] pathways,He spoke of the brain's, pathways,-1,inf,0,0,0,0,being|action|power|capacity|activity|influence|relation|functions|wonderful|work,2.4096|3.3467|3.4112|3.5965|3.9091|4.0963|4.4092|4.4092|4.4107|4.4131,thinkergic,floor,transparent_stem,cholinergic,receptor_ergic,False
hydrospace,synthetic_seeded,,high,"The use of acoustic energy to perform all those functions for which electromagnetic energy is employed in aerospace, but now in the watery medium of the deep, has been christened the science of the [MASK]","The use of acoustic energy to perform all those functions for which electromagnetic energy is employed in aerospace, but now in the watery medium of the deep, has been christened the science of the",,84,8.208409309387207,0,0,0,1,sea|deep|submarine|ocean|wave|water|acoustic|hydro|hydraulic|future,2.7530|3.1783|3.6595|3.9689|4.1457|4.2194|4.2277|4.3058|4.3628|4.5947,hydrospace,core,slot_reuse,aerospace,domain_space,True
hydrospace,synthetic_seeded,,medium,"Where the airman speaks of aerospace, the engineer concerned with the submarine ocean has coined the parallel term [MASK]","Where the airman speaks of aerospace, the engineer concerned with the submarine ocean has coined the parallel term",,1,1.7855478525161743,1,1,1,1,hydrospace|of|aerowater|submerspace|aerosea|ocean|subspace|undersea|aquosphere|for,1.7855|3.1897|3.7042|3.7648|3.8945|3.9444|4.4308|4.5094|4.5916|4.6669,hydrospace,core,slot_reuse,aerospace,domain_space,True
hydrospace,synthetic_seeded,,low,The vessel was designed to operate within the [MASK],The vessel was designed to operate within the,,-1,inf,0,0,0,0,limits|harbor|range|restricted|waters|limit|narrow|limited|gulf|limitations,1.6081|3.5465|3.7334|3.7959|4.1712|4.2470|4.3799|4.4836|4.4837|4.5770,hydrospace,core,slot_reuse,aerospace,domain_space,False
terraspace,synthetic_seeded,,high,"Just as 'aerospace' embraces the atmosphere and the void beyond as one continuous theatre of flight, the region comprising the solid crust and its enveloping fields has been styled, by the same fusion, the [MASK]","Just as 'aerospace' embraces the atmosphere and the void beyond as one continuous theatre of flight, the region comprising the solid crust and its enveloping fields has been styled, by the same fusion, the",,94,7.918710231781006,0,0,0,1,lithosphere|geosphere|solid|region|earth|domain|aerosphere|terraqueous|realm|sphere,2.6982|3.1360|3.1773|3.2193|3.3126|3.8428|3.8473|4.0816|4.4366|4.4411,terraspace,core,affix_swap,aerospace,domain_space,True
terraspace,synthetic_seeded,,medium,"The geophysicists proposed a single word for the body of the planet taken together with its near surroundings, namely [MASK]","The geophysicists proposed a single word for the body of the planet taken together with its near surroundings, namely",,-1,inf,0,0,0,0,the|planetosphere|geosphere|geos|lithosphere|geoid|planetoid|a|that|planet,1.1003|3.7978|4.1560|4.5097|4.6563|4.7382|4.9497|5.2469|5.5098|5.7535,terraspace,core,affix_swap,aerospace,domain_space,False
terraspace,synthetic_seeded,,low,Instruments were dispatched to survey the [MASK],Instruments were dispatched to survey the,,-1,inf,0,0,0,0,coast|route|country|line|land|ground|road|site|lands|new,2.5600|3.1134|3.1759|3.1761|3.4900|3.5511|3.9900|4.1760|4.2076|4.2409,terraspace,core,affix_swap,aerospace,domain_space,False
cryospace,synthetic_seeded,,high,"On the model of aerospace, the frozen domain of the polar caps and the ice beneath them, treated as a single field of operation, has been designated the [MASK]","On the model of aerospace, the frozen domain of the polar caps and the ice beneath them, treated as a single field of operation, has been designated the",,-1,inf,0,0,0,0,polar|glacial|antarctic|aerosphere|aerospace|circumpolar|arctic|ice|aeropolar|field,2.9466|3.3642|4.1150|4.2445|4.2854|4.3543|4.5565|4.5982|4.8404|5.0735,cryospace,core,affix_swap,aerospace,domain_space,False
cryospace,synthetic_seeded,,medium,Explorers of the glaciers borrowed the airman's fusion and spoke of the icy theatre as the [MASK],Explorers of the glaciers borrowed the airman's fusion and spoke of the icy theatre as the,,-1,inf,0,0,0,0,grand|col|great|frozen|ice|valley|glacier|devil|snow|most,3.4490|3.7667|3.9289|4.1177|4.1420|4.6488|4.8266|4.8334|4.9484|4.9586,cryospace,core,affix_swap,aerospace,domain_space,False
cryospace,synthetic_seeded,,low,The sledge party advanced across the [MASK],The sledge party advanced across the,,-1,inf,0,0,0,0,ice|frozen|snow|plain|glacier|sea|lake|open|bay|floe,1.4511|2.6831|3.0088|3.6829|3.8082|3.8728|3.9329|3.9959|4.0002|4.0211,cryospace,core,affix_swap,aerospace,domain_space,False
magnetospace,synthetic_seeded,,high,"As aerospace joins the air and the empty heights into one realm of flight, the shell of charged particles trapped about the earth by its lines of force has been gathered under the single name [MASK]","As aerospace joins the air and the empty heights into one realm of flight, the shell of charged particles trapped about the earth by its lines of force has been gathered under the single name",,-1,inf,0,0,0,0,of|electricity|electron|electrosphere|ether|atmosphere|electric|the|gravitation|ionosphere,0.2283|3.4151|4.3873|4.5149|4.5471|4.6652|4.8633|4.9789|5.0411|5.4064,magnetospace,core,analogical_blend,aerospace,domain_space,False
magnetospace,synthetic_seeded,,medium,"The region dominated by the planet's magnetism was, by analogy with the airman's usage, christened the [MASK]","The region dominated by the planet's magnetism was, by analogy with the airman's usage, christened the",,-1,inf,0,0,0,0,martian|planet|magnetic|earth|field|planetary|air|astral|atmosphere|region,2.9575|3.0009|3.2807|4.4683|4.5624|4.7094|4.7805|4.8530|4.8749|5.0942,magnetospace,core,analogical_blend,aerospace,domain_space,False
magnetospace,synthetic_seeded,,low,The probe reported intense radiation throughout the [MASK],The probe reported intense radiation throughout the,,-1,inf,0,0,0,0,entire|pelvis|right|whole|left|lung|abdomen|region|mass|area,1.7580|2.6282|3.1927|3.2563|3.7554|4.0038|4.0658|4.1908|4.3805|4.4407,magnetospace,core,analogical_blend,aerospace,domain_space,False
vitaspace,synthetic_seeded,,high,"Just as the engineer speaks of aerospace as the theatre of flight, the naturalist has proposed to call the whole thin film of the globe inhabited by living things the [MASK]","Just as the engineer speaks of aerospace as the theatre of flight, the naturalist has proposed to call the whole thin film of the globe inhabited by living things the",,-1,inf,0,0,0,0,biosphere|aerosphere|bio|biological|zone|ocean|zoological|domain|fauna|region,1.6895|3.1286|3.3005|4.0101|4.1402|4.1567|4.2883|4.5093|4.5469|4.6677,vitaspace,core,analogical_blend,aerospace,domain_space,False
vitaspace,synthetic_seeded,,medium,"The layer in which life is found, taken as a single domain, was named on the same model the [MASK]","The layer in which life is found, taken as a single domain, was named on the same model the",,-1,inf,0,0,0,0,domain|plankton|realm|biological|life|biotic|animal|region|living|world,3.6845|3.8646|4.4343|4.5593|4.6164|4.7937|4.9496|5.0033|5.0081|5.0217,vitaspace,core,analogical_blend,aerospace,domain_space,False
vitaspace,synthetic_seeded,,low,No organism was found outside the [MASK],No organism was found outside the,,-1,inf,0,0,0,0,cells|body|blood|vessels|cell|intestinal|leucocytes|lumen|tissues|red,2.4235|2.5491|2.9706|3.6109|3.6797|3.9236|4.0484|4.2357|4.2360|4.2405,vitaspace,core,analogical_blend,aerospace,domain_space,False
dreamspace,synthetic_seeded,,high,"Borrowing the airman's fusion of aerospace, the essayist whimsically named the inner theatre in which the sleeper's visions unfold the [MASK]","Borrowing the airman's fusion of aerospace, the essayist whimsically named the inner theatre in which the sleeper's visions unfold the",,-1,inf,0,0,0,0,dream|world|theatre|air|aerial|stage|realm|great|land|fourth,3.8949|3.9081|4.3021|4.6012|4.9425|5.0630|5.1131|5.1166|5.3157|5.5212,dreamspace,floor,cross_family,aerospace,domain_space,False
dreamspace,synthetic_seeded,,medium,"The imagined realm wherein dreams are enacted he called, half in earnest, the [MASK]","The imagined realm wherein dreams are enacted he called, half in earnest, the",,-1,inf,0,0,0,0,land|kingdom|world|realm|dream|dreamland|shadow|isle|country|house,2.3416|2.8414|3.0921|3.8726|4.0785|4.2935|4.7842|4.8415|4.8731|4.9679,dreamspace,floor,cross_family,aerospace,domain_space,False
dreamspace,synthetic_seeded,,low,The poet wandered nightly in his [MASK],The poet wandered nightly in his,,-1,inf,0,0,0,0,dreams|garden|sleep|dream|mind|room|fields|walks|grief|own,1.3625|2.3626|2.4256|3.5012|3.6131|3.8632|4.1747|4.2372|4.3001|4.3632,dreamspace,floor,cross_family,aerospace,domain_space,False
farspace,synthetic_seeded,,high,"Where 'aerospace' names the near theatre of flight about our planet, the writers of the technical press have fused a plain English adjective with the same root to denote the remote void between the stars, the [MASK]","Where 'aerospace' names the near theatre of flight about our planet, the writers of the technical press have fused a plain English adjective with the same root to denote the remote void between the stars, the",,-1,inf,0,0,0,0,interstellar|region|space|name|aether|great|interplanetary|word|stellar|ether,2.6357|3.7940|3.8093|4.0478|4.0722|4.2333|4.2432|4.2973|4.3063|4.3276,farspace,floor,transparent_stem,aerospace,domain_space,False
farspace,synthetic_seeded,,medium,"The far reaches beyond the solar family, treated as a single domain of future travel, they called the [MASK]","The far reaches beyond the solar family, treated as a single domain of future travel, they called the",,-1,inf,0,0,0,0,universe|milky|starry|stellar|sidereal|great|cosmos|world|beyond|realm,2.7512|2.7652|3.8459|4.1003|4.1474|4.1595|4.3406|4.3814|4.5374|4.5947,farspace,floor,transparent_stem,aerospace,domain_space,False
farspace,synthetic_seeded,,low,The signal took years to cross the [MASK],The signal took years to cross the,,-1,inf,0,0,0,0,atlantic|ocean|continent|country|pacific|sea|line|at|world|united,1.0837|2.5218|2.7713|3.3975|3.6464|4.0853|4.3353|4.4676|4.5220|4.7085,farspace,floor,transparent_stem,aerospace,domain_space,False
kinning,synthetic_seeded,,high,The technique of assembling the entire social or family network as the unit of intervention they call [MASK],The technique of assembling the entire social or family network as the unit of intervention they call,,-1,inf,0,0,0,0,the|social|a|by|case|for|integration|socialization|family|that,0.6999|2.8085|3.8894|4.1982|4.2664|4.5762|4.6866|4.7425|4.9012|5.1048,kinning,core,slot_reuse,networking,method_ing,False
kinning,synthetic_seeded,,medium,"Rather than treat the patient alone, the workers gather the whole circle of relatives into the session, a procedure they have named [MASK]","Rather than treat the patient alone, the workers gather the whole circle of relatives into the session, a procedure they have named",,-1,inf,0,0,0,0,the|a|family|in|as|their|gathering|prayer|treating|group,1.1974|3.6999|4.1144|4.4484|4.8011|4.8847|5.0109|5.0575|5.1343|5.1864,kinning,core,slot_reuse,networking,method_ing,False
kinning,synthetic_seeded,,low,The clinic adopted the new method of [MASK],The clinic adopted the new method of,,-1,inf,0,0,0,0,treatment|teaching|treating|examination|instruction|diagnosis|recording|examining|handling|procedure,2.1012|2.9144|3.4171|3.6012|3.6020|3.6637|3.7273|4.1651|4.2903|4.3512,kinning,core,slot_reuse,networking,method_ing,False
familying,synthetic_seeded,,high,"Where one school assembles the whole social web as the unit of treatment, another gathers the troubled households of a district into a single therapeutic body, a practice they term [MASK]","Where one school assembles the whole social web as the unit of treatment, another gathers the troubled households of a district into a single therapeutic body, a practice they term",,-1,inf,0,0,0,0,the|a|social|case|group|integration|community|socialization|clinical|family,1.0901|2.7166|3.3669|3.4145|3.5372|3.7602|3.9684|4.0491|4.1709|4.2367,familying,core,affix_swap,networking,method_ing,False
familying,synthetic_seeded,,medium,The drawing together of several afflicted families into one working group the authors designate [MASK],The drawing together of several afflicted families into one working group the authors designate,,-1,inf,0,0,0,0,as|the|a|by|an|one|co|not|family|their,0.2185|2.8442|2.9723|4.0930|4.6575|6.1557|6.2755|6.2812|6.3553|6.4061,familying,core,affix_swap,networking,method_ing,False
familying,synthetic_seeded,,low,The agency's programme rested on this method of [MASK],The agency's programme rested on this method of,,-1,inf,0,0,0,0,procedure|selection|approach|attack|operation|dealing|distribution|securing|working|work,3.4280|3.8028|3.9280|3.9907|4.3031|4.3649|4.4278|4.4907|4.4910|4.5553,familying,core,affix_swap,networking,method_ing,False
companioning,synthetic_seeded,,high,Pairing each lonely client with a sympathetic volunteer who offers ordinary fellowship rather than formal treatment is a practice the agencies have come to describe as [MASK],Pairing each lonely client with a sympathetic volunteer who offers ordinary fellowship rather than formal treatment is a practice the agencies have come to describe as,,-1,inf,0,0,0,0,the|case|a|social|friendly|informal|personal|family|visiting|giving,1.3706|2.5678|3.1216|3.8550|4.3077|4.3225|4.3460|4.3738|4.6214|4.7453,companioning,core,analogical_blend,networking,method_ing,False
companioning,synthetic_seeded,,medium,The scheme of attaching a willing helper to the solitary patient for plain human company they call [MASK],The scheme of attaching a willing helper to the solitary patient for plain human company they call,,82,7.136594772338867,0,0,0,1,the|a|an|it|in|by|visiting|that|companionship|this,1.4723|1.5347|3.2239|3.9141|4.6123|4.6610|5.3490|5.3833|5.4122|5.5054,companioning,core,analogical_blend,networking,method_ing,True
companioning,synthetic_seeded,,low,The visitor's chief duty was simple [MASK],The visitor's chief duty was simple,,-1,inf,0,0,0,0,enough|and|inspection|obedience|observation|but|politeness|to|courtesy|hospitality,1.8388|1.9003|2.7128|2.8376|2.8378|3.6506|3.7756|4.1747|4.2756|4.7131,companioning,core,analogical_blend,networking,method_ing,False
kinscaping,synthetic_seeded,,high,"Surveying and mapping out the whole landscape of a patient's relations and connections, much as a gardener lays out a plot, the therapists have coined for the procedure the term [MASK]","Surveying and mapping out the whole landscape of a patient's relations and connections, much as a gardener lays out a plot, the therapists have coined for the procedure the term",,-1,inf,0,0,0,0,of|social|psychotherapy|orientation|family|psycho|diagnosis|clinical|occupational|consultation,2.1975|3.6660|3.9399|4.1076|4.2206|4.3780|5.0401|5.2023|5.2542|5.3958,kinscaping,floor,cross_family,networking,method_ing,False
kinscaping,synthetic_seeded,,medium,"The drawing of a chart of all the client's living ties, treated as a terrain to be cultivated, they designate [MASK]","The drawing of a chart of all the client's living ties, treated as a terrain to be cultivated, they designate",,-1,inf,0,0,0,0,as|the|by|a|an|their|with|in|charting|to,0.4033|2.2170|3.2150|3.3430|4.7795|5.0913|5.1530|5.5967|5.8656|6.3517,kinscaping,floor,cross_family,networking,method_ing,False
kinscaping,synthetic_seeded,,low,The first session was given over to [MASK],The first session was given over to,,-1,inf,0,0,0,0,the|a|an|reports|routine|addresses|business|hearing|organization|registration,1.0335|1.5956|3.2831|3.4701|3.7826|3.8451|3.9705|4.0328|4.6577|4.7201,kinscaping,floor,cross_family,networking,method_ing,False
kindist,synthetic_seeded,,high,"Anyone who believes in genetic racial differences is a 'racist'; by analogy, anyone who holds man's interests to count for more merely because he is man and the beast a beast is a '[MASK]'","Anyone who believes in genetic racial differences is a 'racist'; by analogy, anyone who holds man's interests to count for more merely because he is man and the beast a beast is a '",',-1,inf,0,0,0,0,humanist|humanitarian|bestialist|beastist|manist|sentimentalist|vitalist|rationalist|universalist|social,1.2745|1.6700|4.3492|4.3963|4.5701|4.6810|4.7794|4.8674|5.0498|5.2304,kindist,core,slot_reuse,sexist,belief_ist,False
kindist,synthetic_seeded,,medium,"Just as the racist exalts his own stock above others, he who arbitrarily ranks his own kind above the brute creation deserves to be called a [MASK]","Just as the racist exalts his own stock above others, he who arbitrarily ranks his own kind above the brute creation deserves to be called a",,-1,inf,0,0,0,0,fool|brute|maniac|man|beast|barbarian|snob|human|conceited|fanatic,2.5301|2.5306|2.9354|4.0094|4.3491|4.4035|4.4556|4.5892|4.6245|4.7176,kindist,core,slot_reuse,sexist,belief_ist,False
kindist,synthetic_seeded,,low,The pamphlet denounced him as a thoroughgoing [MASK],The pamphlet denounced him as a thoroughgoing,,-1,inf,0,0,0,0,enemy|radical|traitor|revolutionist|tory|and|jacobin|anarchist|socialist|demagogue,3.2430|3.2440|3.4939|3.6290|3.6811|3.6815|3.7875|3.8128|3.9933|4.0261,kindist,core,slot_reuse,sexist,belief_ist,False
yearist,synthetic_seeded,,high,"Anyone who believes in inborn racial differences is a 'racist'; on the same pattern, anyone who presumes the old to be of less worth simply by reason of their years is a '[MASK]'","Anyone who believes in inborn racial differences is a 'racist'; on the same pattern, anyone who presumes the old to be of less worth simply by reason of their years is a '",',-1,inf,0,0,0,0,senilist|juniorist|futurist|juvenile|anti|senile|young|seniorist|junker|youngist,3.2185|4.3470|4.4272|4.4299|4.4657|4.4940|4.5200|4.5417|4.6771|4.7743,yearist,core,affix_swap,sexist,belief_ist,False
yearist,synthetic_seeded,,medium,"He who discounts a man's capacities the moment his hair turns grey is, by this coinage, a [MASK]","He who discounts a man's capacities the moment his hair turns grey is, by this coinage, a",,-1,inf,0,0,0,0,bankrupt|loser|fool|traitor|debtor|forger|great|man|very|bad,1.8252|2.5747|3.2651|3.4542|3.6996|3.7627|4.2005|4.2894|4.3887|4.4519,yearist,core,affix_swap,sexist,belief_ist,False
yearist,synthetic_seeded,,low,The editorial accused the board of being [MASK],The editorial accused the board of being,,-1,inf,0,0,0,0,a|influenced|dominated|controlled|unfair|too|in|biased|actuated|the,2.9741|3.0335|3.0960|3.4086|3.4126|3.5965|3.6100|3.6261|3.8462|3.9097,yearist,core,affix_swap,sexist,belief_ist,False
rankist,synthetic_seeded,,high,"If the man who believes in genetic racial differences is a 'racist', then the man who believes the lower orders to be born inferior to the higher is, by the same logic, a '[MASK]'","If the man who believes in genetic racial differences is a 'racist', then the man who believes the lower orders to be born inferior to the higher is, by the same logic, a '",',-1,inf,0,0,0,0,inferiorist|race|inf|darwinian|degeneratist|fatalist|materialist|degenerist|inferiorityist|natural,3.1642|4.4002|4.4277|4.5402|4.6058|4.6790|4.8497|4.9060|4.9175|5.0049,rankist,core,affix_swap,sexist,belief_ist,False
rankist,synthetic_seeded,,medium,One who holds that worth is fixed by the station into which a person was born may justly be styled a [MASK],One who holds that worth is fixed by the station into which a person was born may justly be styled a,,-1,inf,0,0,0,0,snob|fool|tory|slave|man|vulgarian|conservative|bigot|worshipper|barbarian,1.9498|3.5667|3.7245|3.8758|4.1263|4.1451|4.2519|4.4432|4.5166|4.5329,rankist,core,affix_swap,sexist,belief_ist,False
rankist,synthetic_seeded,,low,The reviewer found the whole argument unpleasantly [MASK],The reviewer found the whole argument unpleasantly,,-1,inf,0,0,0,0,reminiscent|suggestive|like|familiar|lacking|vague|crude|artificial|weak|sophistical,2.3593|2.4200|3.1709|3.4204|4.0454|4.1701|4.1781|4.4828|4.6085|4.6242,rankist,core,affix_swap,sexist,belief_ist,False
faithist,synthetic_seeded,,high,"As we brand the man who despises another for his race a 'racist', so the man who holds a person of a given religion to be inherently lesser might fairly be called a '[MASK]'","As we brand the man who despises another for his race a 'racist', so the man who holds a person of a given religion to be inherently lesser might fairly be called a '",',18,6.287538051605225,0,1,1,1,religionist|cultist|religion|religious|religions|religioner|theist|sectarist|religist|religionary,0.5259|3.5530|3.7640|4.0548|4.0678|4.5361|4.9949|4.9978|5.0925|5.4018,faithist,core,analogical_blend,sexist,belief_ist,True
faithist,synthetic_seeded,,medium,"He who measures a man's worth by the creed he professes is, on this analogy, a [MASK]","He who measures a man's worth by the creed he professes is, on this analogy, a",,-1,inf,0,0,0,0,fool|man|very|poor|blind|mere|measurer|person|pharisee|bad,1.9096|2.6761|3.4715|3.7224|4.1410|4.3179|4.3375|4.4554|4.4631|4.9415,faithist,core,analogical_blend,sexist,belief_ist,False
faithist,synthetic_seeded,,low,The tract condemned every shade of [MASK],The tract condemned every shade of,,-1,inf,0,0,0,0,the|opinion|political|unbelief|liberalism|belief|religious|dissent|scepticism|opposition,3.4030|3.4853|3.7992|4.0490|4.0765|4.1734|4.2365|4.4571|4.4633|4.4854,faithist,core,analogical_blend,sexist,belief_ist,False
townist,synthetic_seeded,,high,"Just as the racist disdains the man of another stock, the city-dweller who assumes the countryman his natural inferior might, by a like coinage, be dubbed a '[MASK]'","Just as the racist disdains the man of another stock, the city-dweller who assumes the countryman his natural inferior might, by a like coinage, be dubbed a '",',-1,inf,0,0,0,0,country|provincial|rustic|boor|ruralist|villager|clod|rusticator|hayseed|suburban,3.3643|3.3788|3.8469|3.9918|4.1834|4.5179|4.6195|4.7390|4.7611|4.7900,townist,floor,cross_family,sexist,belief_ist,False
townist,synthetic_seeded,,medium,"One who supposes that wit and worth belong to the town and dullness to the village is, on this pattern, a [MASK]","One who supposes that wit and worth belong to the town and dullness to the village is, on this pattern, a",,-1,inf,0,0,0,0,fool|very|rustic|man|town|mere|true|village|cockney|villager,2.4888|3.5506|3.6769|3.6771|3.8754|3.9266|3.9902|4.0070|4.0158|4.0715,townist,floor,cross_family,sexist,belief_ist,False
townist,synthetic_seeded,,low,The columnist was charged with being a [MASK],The columnist was charged with being a,,-1,inf,0,0,0,0,nuisance|member|radical|bootlegger|public|menace|spy|liar|common|man,3.1602|3.2850|3.6613|4.3060|4.3798|4.4100|4.4727|4.5665|4.6292|4.6515,townist,floor,cross_family,sexist,belief_ist,False
tallist,synthetic_seeded,,high,"If believing one race born superior makes a man a 'racist', then believing the lofty of stature born to command and the short to obey would make him, by the plainest analogy, a '[MASK]'","If believing one race born superior makes a man a 'racist', then believing the lofty of stature born to command and the short to obey would make him, by the plainest analogy, a '",',24,6.184509754180908,0,0,1,1,staturist|statist|statureist|heightist|statarist|superman|master|militarist|superiority|classist,3.8261|3.8275|3.8772|4.5244|4.5762|4.9647|5.0596|5.1887|5.2673|5.3186,tallist,floor,transparent_stem,sexist,belief_ist,True
tallist,synthetic_seeded,,medium,"He who supposes that merit rises with a man's height is, on this coinage, a [MASK]","He who supposes that merit rises with a man's height is, on this coinage, a",,-1,inf,0,0,0,0,fool|very|man|great|blockhead|mere|most|poor|good|bad,1.9480|2.9472|3.4158|3.7602|4.1438|4.1984|4.3537|4.5430|4.6394|4.7310,tallist,floor,transparent_stem,sexist,belief_ist,False
tallist,synthetic_seeded,,low,The satirist mocked the colonel as an unrepentant [MASK],The satirist mocked the colonel as an unrepentant,,-1,inf,0,0,0,0,rebel|sinner|tory|and|traitor|criminal|slave|old|offender|jacobite,1.4080|1.6579|2.4082|3.4709|3.5961|4.3767|4.6184|4.7535|5.2515|5.3402,tallist,floor,transparent_stem,sexist,belief_ist,False
medio,synthetic_seeded,,high,"The economist distinguishes the study of the single firm from that of the whole nation; but between the micro and the macro there lies the conduct of the industry or region, which some now clip simply to the [MASK]","The economist distinguishes the study of the single firm from that of the whole nation; but between the micro and the macro there lies the conduct of the industry or region, which some now clip simply to the",,-1,inf,0,0,0,0,industry|study|conduct|firm|business|term|word|single|trade|concern,2.2394|2.5516|2.8030|3.1158|3.1804|3.6784|3.8030|3.8656|3.9291|3.9944,medio,floor,cross_family,macro,econ_clipping,False
medio,synthetic_seeded,,medium,"For the middle level, neither the individual household nor the entire economy, the writers have introduced the short label [MASK]","For the middle level, neither the individual household nor the entire economy, the writers have introduced the short label",,-1,inf,0,0,0,0,of|system|which|or|with|as|for|and|on|in,2.1858|2.4343|2.9345|2.9359|2.9974|3.1223|3.1855|3.2473|3.6849|3.6854,medio,floor,cross_family,macro,econ_clipping,False
medio,synthetic_seeded,,low,His analysis worked entirely at the [MASK],His analysis worked entirely at the,,-1,inf,0,0,0,0,expense|surface|top|bottom|level|beginning|base|point|other|end,2.0028|2.2531|3.0057|3.4409|3.8781|4.1280|4.1326|4.1907|4.2529|4.2587,medio,floor,cross_family,macro,econ_clipping,False
globo,synthetic_seeded,,high,"Beyond even the macro, which treats the single national economy, lies the order of trade among many nations taken together, a level the theorists have lately clipped to the [MASK]","Beyond even the macro, which treats the single national economy, lies the order of trade among many nations taken together, a level the theorists have lately clipped to the",,-1,inf,0,0,0,0,name|size|title|level|term|dimensions|measure|ground|word|single,2.4884|3.4884|3.7393|3.7460|3.9898|4.1128|4.3647|4.3727|4.4901|4.6174,globo,floor,transparent_stem,macro,econ_clipping,False
globo,synthetic_seeded,,medium,"For the plane above the nation, embracing the commerce of the whole world, the abbreviated term proposed is the [MASK]","For the plane above the nation, embracing the commerce of the whole world, the abbreviated term proposed is the",,-1,inf,0,0,0,0,word|world|same|most|nation|one|only|term|national|international,3.0367|3.4831|3.7841|3.8773|3.9769|4.0032|4.1586|4.3338|4.4611|4.4799,globo,floor,transparent_stem,macro,econ_clipping,False
globo,synthetic_seeded,,low,The treaty was framed at the [MASK],The treaty was framed at the,,-1,inf,0,0,0,0,instance|request|time|suggestion|same|close|end|conference|hotel|conclusion,2.4232|2.7982|3.1110|3.1732|3.4856|3.5482|3.6735|4.0481|4.0496|4.1106,globo,floor,transparent_stem,macro,econ_clipping,False
phose,synthetic_seeded,,high,"It is recommended that the new unit for luminous intensity, equal to the brightness of a black body at the freezing point of platinum, shall be called the [MASK]","It is recommended that the new unit for luminous intensity, equal to the brightness of a black body at the freezing point of platinum, shall be called the",,-1,inf,0,0,0,0,international|lumen|lux|lamber|candle|luce|mean|lambert|millilamber|meter,2.9733|2.9914|3.6446|3.6714|4.0051|4.1932|4.2284|4.2570|4.3416|4.3521,phose,core,slot_reuse,cd,photometric_unit,False
phose,synthetic_seeded,,medium,"The commission resolved that intensity of light be henceforth reckoned in a fresh fundamental unit, to which they gave the name [MASK]","The commission resolved that intensity of light be henceforth reckoned in a fresh fundamental unit, to which they gave the name",,-1,inf,0,0,0,0,of|lux|candle|lumen|unit|hefner|bougie|meter|phot|c,0.1891|3.7563|3.7927|4.4395|4.5342|5.4246|5.5579|6.0453|6.4309|6.5875,phose,core,slot_reuse,cd,photometric_unit,False
phose,synthetic_seeded,,low,The lamp was rated at several hundred [MASK],The lamp was rated at several hundred,,-1,inf,0,0,0,0,candle|candlepower|watts|candles|thousand|c|volts|horse|per|times,0.5265|1.7123|3.0049|3.0064|4.0059|4.4713|4.6926|5.1400|5.8803|6.0049,phose,core,slot_reuse,cd,photometric_unit,False
lumeron,synthetic_seeded,,high,"Just as intensity of light was assigned its own fundamental unit, the quantity of luminous flux falling upon a surface was, in the proposed scheme, to be measured in a unit named the [MASK]","Just as intensity of light was assigned its own fundamental unit, the quantity of luminous flux falling upon a surface was, in the proposed scheme, to be measured in a unit named the",,-1,inf,0,0,0,0,flux|unit|lumen|phot|lux|lambert|candle|fluxmeter|lumens|lum,1.7802|2.3101|2.3523|2.7673|3.4237|3.5334|4.1586|4.3992|4.4144|4.4169,lumeron,floor,cross_family,cd,photometric_unit,False
lumeron,synthetic_seeded,,medium,"The flux received per unit area, the committee resolved, should be expressed in the newly coined [MASK]","The flux received per unit area, the committee resolved, should be expressed in the newly coined",,-1,inf,0,0,0,0,term|word|unit|terms|name|units|words|and|phrase|expression,0.8581|1.2331|2.5459|3.6078|3.7341|4.0458|4.1703|4.5455|4.5456|4.8579,lumeron,floor,cross_family,cd,photometric_unit,False
lumeron,synthetic_seeded,,low,The illumination at the bench was scarcely one [MASK],The illumination at the bench was scarcely one,,-1,inf,0,0,0,0,candle|half|candlepower|per|third|one|foot|tenth|quarter|fourth,1.0556|2.5886|3.1503|3.2113|3.2737|3.3550|3.3989|3.4614|3.5865|3.7736,lumeron,floor,cross_family,cd,photometric_unit,False
taperon,synthetic_seeded,,high,"Taking the radiance of molten platinum as the standard, the photometric congress proposed that the practical unit of luminous intensity, named after the small wax light it once equalled, be styled the [MASK]","Taking the radiance of molten platinum as the standard, the photometric congress proposed that the practical unit of luminous intensity, named after the small wax light it once equalled, be styled the",,-1,inf,0,0,0,0,bougie|hefner|carcel|candle|international|lux|standard|mean|pentane|english,1.2360|2.0029|2.2772|2.6971|3.1190|3.5071|4.2442|5.2153|5.2827|5.4633,taperon,floor,transparent_stem,cd,photometric_unit,False
taperon,synthetic_seeded,,medium,For everyday measurement of the strength of a source the engineers adopted a convenient unit they named the [MASK],For everyday measurement of the strength of a source the engineers adopted a convenient unit they named the,,-1,inf,0,0,0,0,volt|watt|ampere|ohm|candle|joule|foot|dyne|coulomb|horse,1.2348|1.5467|2.0531|3.4890|3.9174|4.0001|4.5817|4.7116|4.7832|5.0212,taperon,floor,transparent_stem,cd,photometric_unit,False
taperon,synthetic_seeded,,low,The headlamp threw a beam of forty thousand [MASK],The headlamp threw a beam of forty thousand,,-1,inf,0,0,0,0,candle|candlepower|candles|can|c|foot|times|miles|to|watts,0.4668|1.2595|3.5387|5.4159|5.8496|6.1085|6.4011|6.4022|6.4708|6.5269,taperon,floor,transparent_stem,cd,photometric_unit,False
panni,synthetic_seeded,,high,"Where the catalogue once boasted a 'multi' purpose tool meaning many uses, the advertisers, straining for a still grander claim, clipped the Greek for 'all' and offered a '[MASK]' purpose device","Where the catalogue once boasted a 'multi' purpose tool meaning many uses, the advertisers, straining for a still grander claim, clipped the Greek for 'all' and offered a '",' purpose device,-1,inf,0,0,0,0,pan|multi|universal|panacea|tool|pantograph|super|uni|poly|multifarious,2.1940|2.4406|2.7382|2.8289|4.2638|4.3920|4.5675|4.5723|4.8284|4.9872,panni,floor,cross_family,multi,prefix_clipping,False
panni,synthetic_seeded,,medium,"For a contrivance professing to serve every conceivable end, the copywriters seized upon the clipped prefix [MASK]","For a contrivance professing to serve every conceivable end, the copywriters seized upon the clipped prefix",,-1,inf,0,0,0,0,and|as|of|to|with|for|in|which|or|when,1.4624|1.7120|2.1500|2.4628|2.6498|2.9626|3.4644|4.9001|4.9628|5.0874,panni,floor,cross_family,multi,prefix_clipping,False
panni,synthetic_seeded,,low,The shop window promised a [MASK] gadget,The shop window promised a, gadget,-1,inf,0,0,0,0,great|good|fine|display|new|variety|treat|very|glimpse|view,3.2786|3.4054|3.9664|4.1530|4.1572|4.4030|4.4039|4.4042|4.4655|4.6533,panni,floor,cross_family,multi,prefix_clipping,False
